month,rank,top_seller,units_sold,order_lines,active_vendors,active_stations
2023-08,1,Tawa Roti,11666.0,2083,133,91
2023-09,1,Tawa Roti,10477.0,1833,127,88
2023-10,1,Tawa Roti,12699.0,2225,138,90
2023-11,1,Tawa Roti,11935.0,2055,128,85
2023-12,1,Tawa Roti,13538.0,2270,125,85
2024-09,1,Tawa Roti,7469.0,1320,125,87
2024-10,1,Tawa Roti,13739.0,2497,132,82
2024-11,1,Tawa Roti,19773.0,3632,131,79
2024-12,1,Tawa Roti,22042.0,3997,134,85
2025-08,1,Tawa Roti,21566.0,3953,187,97
2025-09,1,Tawa Roti,20762.0,3880,188,100
