station_code,station,state
ABR,ABUROAD,
AD,ADONI,
ADH,ANDHERI,
ADI,AHMEDABAD,
AF,AGRA FORT,
AGC,AGRA CANTT,
AII,AJMER,
AK,AKOLA,
AMG,ALAM NAGAR,
AMI,AMRAVATI,
AMRO,AMROHA,
ANG,AHMEDNAGAR,
ARA,ARA JN,
ASH,AISHBAGH,
ASN,ASANSOL,
ATP,ANANTAPUR,
AWB,Unknown station,
AWR,ALWAR,
AYC,AYODHYA CANTT,
BAM,BRAHMAPUR,
BAQ,GANJBASODA,
BBS,BHUBANESWAR,
BD,BADNERA,
BE,BAREILLY,
BEHR,BEOHARI,
BGM,BELGAUM,
BGP,BHAGALPUR,
BGS,BEGUSARAI,
BHC,BHADRAK,
BHP,BOLPUR,
BHS,VIDISHA,
BINA,BINA,
BJU,BARAUNI JN,
BKI,BANDIKUI,
BKN,BKN,
BKSC,BOKARO STEEL CITY,
BL,VALSAD,
BLS,BALASORE,
BPB,BADARPUR,
BPL,BHOPAL,
BPQ,BALLARSHAH,
BRC,VADODARA,
BRKA,BARKA KANA JN,
BRY,Bareilly Jn.,
BSB,VARANASI,
BSL,BHUSAWAL,
BSP,BILASPUR JN,
BSR,VASAI ROAD,
BTE,BHARATPUR,
BTI,BATHINDA JUNCTION,
BVI,BORIVALI,
BVRM,BHIMAVARAM JN,
BVRT,BHIMAVARAM TOWN,
BWN,BARDDHAMAN,
BXR,BUXAR,
BZA,VIJAYAWADA,
BZU,BETUL,
CAN,KANNUR,
CBE,COIMBATORE JN,
CD,CHANDRAPUR,
CGL,CHENGALPATTU JN,
CHI,CHIPLUN,
CKTD,CHITRAKUTDHAM KARWI,
CLX,CHIRALA,
CNB,KANPUR CENTRAL,
COR,CHITTORGARH JN,
CPH,CHAMPA JN,
CPSN,CHHATRAPATI SAMBHAJINAGAR,
CSMT,CST MUMBAI,
CSN,CHALISGAON,
CTC,CUTTACK,
CUR,CHURU,
DD,DAUND,
DDCC,DAUND CHORD LINE,
DDU,PT DEEN DAYAL UPADHYAYA JUNCTION,
DG,DINDIGUL JN,
DGR,DURGAPUR,
DHD,DAHOD,
DHN,DHANBAD,
DLI,DELHI JN,
DMO,DAMOH,
DMR,DHARMANAGAR,
DNA,DEGANA,
DNR,DANAPUR,
DO,DAUSA,
DTO,DALTONGANJ,
DURG,DURG,
ED,ERODE JN,
EE,ELURU,
ET,ITARSI,
ETW,ETAWAH,
G,GONDIA,
GADJ,GANDHINAGAR JP,
GAYA,GAYA JN,
GD,GONDA JN,
GDA,GODHARA,
GDR,GUDUR JN,
GGC,GANGAPUR CITY,
GGN,GURGAON,
GHY,GUWAHATI,
GIMB,GANDHIDHAM,
GKP,GORAKHPUR JN,
GNT,GUNTUR JN,
GTL,GUNTAKAL JN,
GUNA,GUNA,
GWL,GWALIOR,
GY,GOOTY JN,
GZB,GHAZIABAD,
HIJ,HIJLI,
HJP,HAJIPUR JN,
HWH,HOWRAH,
IDH,IDGAH,
IGP,IGATPURI,
JAJ,JHAJHA,
JBP,JABALPUR,
JIND,JIND,
JL,JALGAON,
JNU,JAUNPUR,
JOP,JAUNPUR CITY,
JP,JAIPUR,
JRC,JALLANDHAR CANTT,
JSG,JHARSUGUDA,
JSME,JASIDIH,
JTJ,JOLARPETTAI JN,
JU,JODHPUR JN,
JUC,JALANDHAR CITY,
JVN,JORAVARNAGAR,
KCG,KACHEGUDA,
KGP,KHARAGPUR,
KIR,KATIHAR JN,
KIUL,KIUL JN,
KLBG,KALABURGI,
KMBL,KHAMBALIYA,
KMT,KHAMMAM,
KMZ,KATNI MURWARA,
KNE,KISHANGANJ,
KNW,KHANDWA,
KOTA,KOTA,
KPD,KATPADI,
KPG,KOPARGAON,
KTE,KATNI,
KTES,KATNI  SOUTH,
KUDL,Kudal,
KUR,KHURDA ROAD,
KVZ,KAVALI,
KWV,KURDUWADI,
KYJ,KAYANKULAM JN,
KYN,KALYAN,
KZJ,KAZIPET JN,
LAR,LALITPUR,
LDH,LUDHIANA,
LJN,LUCKNOW JN,
LKO,LUCKNOW,
LNL,LONAVALA,
MAJN,MANGALORE JN,
MAKR,MALKHEDI JN,
MAO,MADGAON,
MAQ,MANGALORE CENTRAL,
MAS,CHENNAI CENTRAL,
MAU,MAU JN,
MB,MORADABAD,
MBA,MAHOBA,
MDP,MADHUPUR,
MDU,MADURAI JN,
MFP,MUZAFFARPUR JN,
MJ,MARWAR JN,
MKA,MOKAMA,
MKP,MANIKPUR,
MLDT,MALDA TOWN,
MMR,MANMAD,
MRJ,MIRAJ,
MS,CHENNAI EGMORE,
MTD,MERTA ROAD,
MTJ,MATHURA JN,
MYR,MAIHAR,
MZP,MIRZAPUR,
NAD,NAGDA,
NBQ,NEW BONGAIGAON,
NCB,NEW COOCHBEHAR,
ND,NADIAD,
NDB,NANDURBAR,
NDL,NANDYAL,
NDLS,NEW DELHI,
NGP,NAGPUR,
NJP,NEW JALPAIGURI,
NK,NASIK ROAD,
NLR,NELLORE,
NNA,NAUGACHIA,
NOQ,NEW ALIPURDUAR,
NU,NURSINGHPUR,
NVS,NAVSARI,
NZM,H NIZAMUDDIN,
OGL,ONGOLE,
ORAI,ORAI,
PCOI,PRAYAGRAJ CHEOKI,
PGW,PHAGWARA,
PKR,PAKUR,
PLCJ,phalodi jn,
PMY,PALI MARWAR,
PNBE,PATNA JN,
PNME,PARASHNATH,
PNP,PANIPAT,
PNU,PALANPUR,
PNVL,PANVEL,
PPI,PIPARIYA,
PPTA,PATLIPUTRA,
PRYJ,PRAYAGRAJ JUNCTION,
PTK,PATHANKOT,
PTKC,PATHANKOT CANTT,
PUNE,PUNE,
R,RAIPUR,
RBL,RAE BARELI JN,
RE,REWARI,
RJPB,RAJENDRA NAGAR,
RJT,RAJKOT,
RJY,RAJAHMUNDRY,
RK,ROORKEE,
RKM,RAJA KI MANDI,
RKMP,RANI KAMALAPATI,
RMD,RAMANATHAPURAM,
RN,RATNAGIRI,
RNC,RANCHI,
ROU,ROURKELA,
RPH,RAMPURHAT,
RTM,RATLAM,
RU,RENIGUNTA,
SA,SALEM JN,
SBZ,SISWA BAZAR,
SC,SECUNDERABAD JN,
SDL,SHAHDOL,
SEE,SONEPUR,
SGO,SAUGOR,
SGUJ,SILIGURI JN,
SGZ,SHAMGARH,
SHRN,SANT HIRDARAM NAGAR,
SLN,SULTANPUR,
SLO,SAMALKOT JN,
SNP,SONIPAT,
SOG,SURATGARH,
SPJ,SAMASTIPUR JN,
SRE,SAHARANPUR JN,
SRGT,SURENDRANAGAR GT,
ST,SURAT,
STA,SATNA,
SUNR,SURENDRANAGAR,
SUR,SOLAPUR,
SV,SIWAN JN,
SWM,SAWAI MADHOPUR,
TATA,TATANAGAR,
TDL,TUNDLA,
TEN,TIRUNELVELI JN,
TIG,TITLAGARH JN,
TUP,TIRUPPUR,
UBC,AMBALA CITY,
UBL,HUBLI,
UDN,UDHANA,
UDZ,UDAIPUR CITY,
UJN,UJJAIN,
UMB,AMBALA CANTT JN,
UMR,UMARIA,
Unknown,Unknown station,
VAPI,VAPI,
VGLJ,VIRANGANA LAKSHMIBAI,
VM,VILLUPURAM JN,
VPT,VIRUDHUNAGAR JN,
VSKP,VISAKHAPATNAM,
VZM,VIZIANAGARAM,
WADI,WADI,
WL,WARANGAL,
